{
  "backend": "cpu",
  "mode": "decode",
  "prompt_tokens": 1,
  "generated_tokens": 16,
  "prefill": {
    "tokens": 1,
    "tok_s": 0.296110,
    "mean_ms": 3377.120000,
    "p50_ms": 3377.120000,
    "p95_ms": 3377.120000,
    "active_bytes": 4495955712,
    "est_bw_gbps": 1.331299
  },
  "decode": {
    "tokens": 15,
    "tok_s": 1.741437,
    "mean_ms": 574.238533,
    "p50_ms": 470.176000,
    "p95_ms": 1208.686700,
    "active_bytes": 4528682752,
    "est_bw_gbps": 7.886414
  }
}
