{
  "backend": "metal",
  "mode": "decode",
  "prompt_tokens": 4,
  "generated_tokens": 2,
  "prefill": {
    "tokens": 4,
    "tok_s": 8.788717,
    "mean_ms": 113.782250,
    "p50_ms": 107.609000,
    "p95_ms": 129.392050,
    "active_bytes": 4502092032,
    "est_bw_gbps": 39.567613
  },
  "decode": {
    "tokens": 1,
    "tok_s": 9.247956,
    "mean_ms": 108.132000,
    "p50_ms": 108.132000,
    "p95_ms": 108.132000,
    "active_bytes": 4512319232,
    "est_bw_gbps": 41.729731
  }
}
