{
  "backend": "cpu",
  "mode": "decode",
  "prompt_tokens": 4,
  "generated_tokens": 16,
  "prefill": {
    "tokens": 4,
    "tok_s": 4.195260,
    "mean_ms": 238.364250,
    "p50_ms": 228.506000,
    "p95_ms": 285.657200,
    "active_bytes": 4502092032,
    "est_bw_gbps": 18.887447
  },
  "decode": {
    "tokens": 15,
    "tok_s": 4.943709,
    "mean_ms": 202.277267,
    "p50_ms": 193.370000,
    "p95_ms": 237.303400,
    "active_bytes": 4540955392,
    "est_bw_gbps": 22.449163
  }
}
